vehicle_count,run,emergency_latency_avg_ms_baseline,emergency_latency_avg_ms_sdnv,background_latency_avg_ms_baseline,background_latency_avg_ms_sdnv,primary_udp_bw_mbps_baseline,primary_udp_bw_mbps_sdnv,helper_udp_bw_mbps_baseline,helper_udp_bw_mbps_sdnv,local_tcp_bw_mbps_baseline,local_tcp_bw_mbps_sdnv,udp_bw_mbps_baseline,udp_bw_mbps_sdnv,throughput_mbps_baseline,throughput_mbps_sdnv,udp_share_pct_baseline,udp_share_pct_sdnv,priority_enforcement_ratio_baseline,priority_enforcement_ratio_sdnv,traffic_suppression_efficiency_pct_sdnv,policy_reaction_ms_sdnv,emapt_50_ms_baseline,emapt_50_ms_sdnv,emapt_90_ms_baseline,emapt_90_ms_sdnv,emapt_100_ms_baseline,emapt_100_ms_sdnv
5,1,3.91,1.187,3.062,11.51,10.0,10.0,10.0,10.0,23.6,0.09570000000000001,20.0,20.0,90.19999999999999,9.4257,18.14882032667877,67.96779685784875,0.1108647450110865,1.0609291617598693,89.55022172949,1535.6499999999999,9.76,68.69,9.778,72.08,9.855,92.128
5,2,3.322,1.535,3.015,11.53,10.0,10.0,10.0,10.0,24.2,0.09570000000000001,20.0,20.0,92.10000000000001,9.3757,17.84121320249777,68.0834839680416,0.10857763300760043,1.0665870281685634,89.82008686210641,1345.3090000000002,6.505,90.752,14.442,92.055,15.027,97.733
5,3,3.945,1.17,3.14,126.033,10.0,10.0,10.0,10.0,23.4,0.0902,20.0,20.0,90.1,9.370199999999999,18.165304268846505,68.09623359731974,0.11098779134295228,1.0672130797635058,89.60022197558268,1208.869,4.669,192.879,6.913,194.361,10.904,199.417
5,4,3.615,1.875,2.991,15.795,10.0,10.0,10.0,10.0,24.2,0.09570000000000001,20.0,20.0,92.50000000000001,9.3757,17.777777777777775,68.0834839680416,0.10810810810810809,1.0665870281685634,89.86410810810813,1011.1000000000001,3.406,108.254,3.543,113.551,6.743,116.009
5,5,3.589,1.283,3.729,22.517,10.0,10.0,10.0,10.0,23.4,0.09570000000000001,20.0,20.0,89.69999999999999,9.4557,18.23154056517776,67.89857311148606,0.11148272017837237,1.0575631629599078,89.45852842809363,1136.198,3.666,77.584,5.515,77.822,5.599,79.083
10,1,4.204,1.79,5.256,137.564,9.99,10.0,9.99,9.99,23.0,0.09040000000000001,19.98,19.990000000000002,91.18,9.4304,17.974091399784093,67.94605103941484,0.10956350076771221,1.0604004071937563,89.65738100460626,2866.391,31.382,1634.271,38.005,1652.101,38.667,1664.546
10,2,4.725,1.108,4.683,11.143,10.0,10.0,9.99,9.99,22.4,0.0948,19.990000000000002,19.990000000000002,89.85,9.454799999999999,18.19919883466861,67.88974623702657,0.11129660545353368,1.0576638321275966,89.47712854757928,2526.0099999999998,14.188,43.6,18.344,66.303,22.574,85.532
10,3,4.608,1.283,4.523,11.115,10.0,10.0,9.99,9.99,22.9,0.09570000000000001,19.990000000000002,19.990000000000002,90.25,9.545700000000002,18.133164005805515,67.68080661707695,0.11080332409972299,1.0475921095362308,89.42304709141274,2426.792,10.092,61.436,37.255,86.676,41.374,91.367
10,4,4.167,1.822,4.407,11.312,10.0,10.0,9.99,9.99,23.4,0.09570000000000001,19.990000000000002,19.990000000000002,92.12,9.485700000000001,17.83070198911783,67.8185759795357,0.10855405992184107,1.0542184551482756,89.70288753799392,2317.059,5.931,39.855,10.854,53.62,11.976,60.114
10,5,5.123,1.507,4.109,112.544,9.99,10.0,9.99,9.99,22.1,0.09570000000000001,19.98,19.990000000000002,88.91,9.5357,18.34879235926164,67.70372929346298,0.11236081430660219,1.0486907096490032,89.27488471488022,2425.826,8.766,57.841,13.453,86.697,14.757,89.6
15,1,8.003,2.303,7.092,9.906,9.99,10.0,9.995000000000001,9.996000000000002,21.2,0.0955,19.985,19.996000000000002,88.49,9.5155,18.42359990781286,67.75663724310861,0.11289411232907674,1.0509169250170776,89.24680754887558,3623.193,13.464,103.698,19.897,121.322,1042.064,338.635
15,2,6.914,2.274,6.025,11.185,10.0,10.0,9.998000000000003,9.996000000000002,21.7,0.09570000000000001,19.998000000000005,19.996000000000002,89.06,9.545700000000002,18.33703167122082,67.68737073357322,0.11228385358185493,1.0475921095362308,89.28172018863688,3627.733,82.813,85.47,93.15,129.257,97.145,141.01
15,3,7.327,1.989,6.408,11.232,10.0,10.0,9.996000000000002,9.997000000000003,21.8,0.09570000000000001,19.996000000000002,19.997000000000003,89.63,9.519700000000002,18.24019849305822,67.7480883703124,0.11156978690170702,1.0504532705862577,89.37889099631819,3719.7,12.839,140.546,14.265,156.009,1143.241,177.817
15,4,7.771,2.385,7.785,11.347,9.99,10.0,9.996000000000002,9.999000000000002,21.5,0.09570000000000001,19.986000000000004,19.999000000000002,88.93,9.573700000000004,18.349921040067578,67.62656098360989,0.11233554481052513,1.044528238820936,89.23456651298774,3975.849,17.543,69.785,26.742,94.866,1134.821,110.432
15,5,6.81,2.337,8.287,128.204,9.98,9.99,9.996000000000002,9.997000000000002,21.5,0.09029999999999999,19.976000000000003,19.987000000000002,88.61999999999999,9.561300000000001,18.39478433828134,67.64179326729456,0.11261566237869557,1.0448369991528348,89.21090047393363,3689.378,12.812,98.135,15.138,112.542,15.268,112.745
20,1,19.067,2.629,19.587,9.853,9.91,10.0,9.964,9.993999999999998,16.7,0.0952,19.874000000000002,19.994,78.58,9.6222,20.186076746500905,67.51034906571404,0.12611351488928482,1.0392633701232568,87.75489946551285,5151.44,26.624,29.11,39.09,30.792,39.519,75.284
20,2,38.491,8.807,37.196,136.593,9.27,9.6,9.049,9.8,9.71,0.09079999999999999,18.319,19.4,62.70000000000001,9.530799999999997,22.61074562756884,67.05656255616852,0.1478468899521531,1.00726067066773,84.7993620414673,8078.421,91.606,78.268,215.145,118.873,1049.035,147.81
20,3,19.597,4.512,18.33,135.426,9.95,9.99,9.985000000000003,9.994999999999997,16.2,0.09040000000000001,19.935000000000002,19.985,76.73,9.537400000000002,20.622769358092384,67.69436089206839,0.12967548546852598,1.0474552813135654,87.57018115469829,8258.616,33.125,178.82,66.334,202.046,1034.773,209.986
20,4,22.116,2.33,22.343,10.991,9.97,10.0,9.994999999999997,9.994999999999997,13.7,0.09490000000000001,19.964999999999996,19.994999999999997,71.43999999999998,9.599900000000002,21.842349980854443,67.56231648020436,0.13955767077267642,1.0416775174741402,86.5622900335946,6201.1269999999995,34.648,83.366,131.842,121.421,1091.598,135.722
20,5,17.319,2.662,17.967,11.266,9.99,10.0,9.991999999999997,9.993999999999998,17.7,0.09490000000000001,19.982,19.994,80.60999999999999,9.604900000000002,19.864402735804042,67.54980759420114,0.12393003349460367,1.0411352538808314,88.08472894181864,6142.1320000000005,31.262,36.608,51.282,84.765,55.289,96.444
